task_code,task_name,domain,purpose,software_module,frontend_route,paradigm,stimulus_input,trials_and_timing,primary_outputs,scoring_definition,difficulty_levels,bengali_adaptation,source_and_provenance,licensing_status,standardized_instrument_equivalence,unit_test_fixture,expected_output,verification_status
n_back,N-Back,working_memory,baseline monitoring and training,frontend-svelte/src/routes/baseline/tasks/working-memory/+page.svelte,/training/dual-n-back,n-back updating,visual letters; keyboard or button match response,20 baseline trials; client-side response time; training parameters in dual_n_back_task.py,"accuracy, mean RT, misses, false alarms",score=100*correct_hits/targets in baseline workflow; training scoring uses DualNBackTask.calculate_results,baseline: 20 trials at 1-back; training mode uses 1-back at levels 1-2 and 2-back at levels 3-5 and 3-back at levels 6-10 with 20 trials; Dual N-Back is a separately inventoried training task,interface and digits localized; Bengali letters used where configured; equivalence not evaluated,Original NeuroBloom implementation inspired by the general paradigm; Kirchner (1958) [R1],NeuroBloom code MIT; generated stimuli; no proprietary forms or norms distributed,No,frontend-svelte/src/lib/task-scoring.test.js,6 hits among 8 targets produces score 75,verified
digit_span,Digit Span,working_memory,training,backend/app/services/digit_span_task.py,/training/digit-span,digit-span recall,audio or visual digits; keyboard entry,8 trials by default; display and interval depend on level,"trial accuracy, span, score",score=0.60*trial_accuracy_percent+0.40*mean_item_accuracy,levels 1-10 use length/type 3/F 4/F 5/F 4/mixed 5/mixed 5/B 6/B 7/mixed 8/mixed 9/mixed; 8 trials where trials 4 and 7 are sampled one level higher,translated instructions and localized digits; equivalence not evaluated,Original NeuroBloom implementation inspired by the general paradigm; Wechsler (2008) [R2],NeuroBloom code MIT; generated sequences; no WAIS forms or norms distributed,No,backend/tests/test_task_scoring_fixtures_batch1.py,50% full and 75% positional accuracy produces score 60.0,verified
spatial_span,Spatial Span,working_memory,training,backend/app/services/spatial_span_task.py,/training/spatial-span,spatial-sequence recall,highlighted grid cells; pointer or touch,8 trials by default with warmup core stretch and cooldown,"trial score, maximum span, session score",trial score combines set and order accuracy with speed adjustment; session score is weighted mean using 0.5/1/1.5/1 trial weights,levels 1-10 change grid sequence length display duration interval and par time in DIFFICULTY_CONFIG,language-independent stimuli; translated instructions; equivalence not evaluated,Original NeuroBloom implementation inspired by the general paradigm; Kessels et al. (2000) [R3],NeuroBloom code MIT; generated locations; no proprietary forms or norms distributed,No,backend/tests/test_task_scoring_fixtures_batch2.py,70 position plus 5 span plus 7.5 speed produces 82.5,verified
letter_number_sequencing,Letter-Number Sequencing,working_memory,training,backend/app/services/letter_number_sequencing_task.py,/training/letter-number-sequencing,ordered working-memory manipulation,mixed letters and digits; keyboard entry,8 trials by default; display interval and par time depend on level,"set accuracy, order accuracy, speed, session score",trial score=clip(set points+order points+speed points-penalties); session score is weighted mean using 0.5/1/1.5/1 trial weights,levels 1-10 change sequence composition length display duration interval and par time,English and Bengali character sets require separate reporting; equivalence not evaluated,Original NeuroBloom implementation inspired by the general paradigm; Wechsler (2008) [R2],NeuroBloom code MIT; generated sequences; no WAIS materials or norms distributed,No,backend/tests/test_task_scoring_fixtures_batch2.py,50 set plus 35 order plus 7.5 speed produces 92.5,verified
operation_span,Operation Span,working_memory,training,backend/app/services/operation_span_task.py,/training/operation-span,complex-span dual task,math verification plus letter recall; keyboard or buttons,configuration-defined sets and timing in OperationSpanTask,"math accuracy, letter accuracy, dual-task score",dual_task_score=(letter_accuracy+math_accuracy)/2; session score is mean dual-task score on a 0-100 scale,levels 1-10 change set size operation complexity display time and response time,translated instructions; Latin/Bengali letter substitution may change difficulty; equivalence not evaluated,Original NeuroBloom implementation inspired by the general paradigm; Conway et al. (2005) [R4],NeuroBloom code MIT; generated problems and letters; no proprietary forms distributed,No,backend/tests/test_task_scoring_fixtures_batch2.py,50 letter and 50 mathematics accuracy produces dual-task score 50,verified
dual_n_back,Dual N-Back,working_memory,training,backend/app/services/dual_n_back_task.py,/training/dual-n-back,dual-modality n-back,grid position and letter/audio stream; keyboard or buttons,4 generated blocks by default; per-level stream and response timing,"visual accuracy, auditory accuracy, dual accuracy, score","score=0.55*overall_accuracy+0.25*mean(visual_hit_rate,audio_hit_rate)+0.20*dual_accuracy",levels 1-10 change n-level stream length stimulus duration response window and target rate,translated instructions; Bengali letter display where configured; audio/script equivalence not evaluated,Original NeuroBloom implementation inspired by the general paradigm; Jaeggi et al. (2008) [R5],NeuroBloom code MIT; generated stimuli and browser speech; no proprietary forms distributed,No,backend/tests/test_task_scoring_fixtures_batch4.py,4 of 6 decisions correct with 50 and 100 hit rates produces trial score 75.4,verified
simple_reaction,Simple Reaction Time,processing_speed,baseline monitoring and training,frontend-svelte/src/routes/baseline/tasks/processing-speed/+page.svelte,/training/choice-reaction-time,simple reaction time,visual target; keyboard or button,baseline simple and choice blocks; random delay and client-side milliseconds,"mean RT, RT SD, choice accuracy, combined score",piecewise score=simple-speed component+choice-speed component+choice-accuracy component+consistency component clipped to 100,levels 1-10 change delay response alternatives and timing in the shared processing-speed workflow,language-independent stimulus; translated instructions; equivalence not evaluated,Original NeuroBloom implementation inspired by the general paradigm; Donders (1868/1969) [R6],NeuroBloom code MIT; original interface and generated timing; no proprietary norms distributed,No,frontend-svelte/src/lib/task-scoring.test.js,component scores 28 21 14 and 8 produce score 71,verified
sdmt,Symbol-Digit Matching,processing_speed,training,backend/app/services/sdmt_task.py,/training/sdmt,symbol-digit substitution,generated symbol key and digit response; keyboard or buttons,level-defined item count and time limit in SDMTTask,"correct, incorrect, completion time, score",score=number of correct matches; difficulty adjustment compares score with level target,levels 1-10 change symbol count item count exposure and target in DIFFICULTY_CONFIG,localized digits and instructions; symbol equivalence not evaluated,Original NeuroBloom implementation inspired by the general paradigm; Smith (1982) [R7],NeuroBloom code MIT; original/generated symbols; no commercial SDMT forms keys norms or equivalence claim,No,backend/tests/test_task_scoring_fixtures_batch1.py,2 of 3 correct produces score 2 and accuracy 66.7,verified
trails_a,Numeric Trail Task,processing_speed,training,backend/app/services/trail_making_a_task.py,/training/trail-making-a,sequential visual trail,numeric circles; pointer or touch,level-defined nodes and time expectation; client-side completion time,"completion time, errors, score","score=max(piecewise time-based base score-5*errors,0); error penalty is capped at 30",levels 1-10 change node count layout and expected completion time,localized digits and instructions; equivalence not evaluated,Original NeuroBloom implementation inspired by the general paradigm; Reitan (1958) [R8],NeuroBloom code MIT; generated layouts; no proprietary forms or normative tables distributed,No,backend/tests/test_task_scoring_fixtures_batch2.py,30 seconds gives base 85 and two errors produce score 75,verified
pattern_comparison,Pattern Comparison,processing_speed,training,backend/app/services/pattern_comparison_task.py,/training/pattern-comparison,rapid same-different comparison,generated pattern pairs; keyboard or buttons,configuration-defined trials and response window,"accuracy, RT, timeout count, score",trial score is 100 correct-fast 60 correct-slow or 0 incorrect; session score=mean trial score-timeout penalty,levels 1-10 change grid size similarity changed cells duration and trial count,language-independent patterns; translated instructions; equivalence not evaluated,Original NeuroBloom implementation inspired by the general paradigm; Salthouse and Babcock (1991) [R9],NeuroBloom code MIT; generated stimuli; no proprietary test materials distributed,No,backend/tests/test_task_scoring_fixtures_batch1.py,correct-fast correct-slow and incorrect produce 100 60 and 0,verified
inspection_time,Inspection Time,processing_speed,training,backend/app/services/inspection_time_task.py,/training/inspection-time,brief perceptual discrimination,two unequal lines followed by mask; keyboard or buttons,level-defined presentation duration and trial count,"accuracy, threshold duration, score",trial score=100 if correct else 0; session score=mean trial score,levels 1-10 reduce presentation time and change line difference mask and trials in DIFFICULTY_CONFIG,language-independent stimulus; translated instructions; equivalence not evaluated,Original NeuroBloom implementation inspired by the general paradigm; Vickers et al. (1972) [R10],NeuroBloom code MIT; generated stimuli; no proprietary forms or norms distributed,No,backend/tests/test_task_scoring_fixtures_batch1.py,correct and incorrect responses produce trial scores 100 and 0,verified
choice_reaction_time,Choice Reaction Time,processing_speed,training,backend/app/services/choice_reaction_time_task.py,/training/choice-reaction-time,stimulus-response choice,visual symbol; matching key or button,level-defined trials alternatives stimulus time and response window,"accuracy, mean RT, consistency, score",RTscore=clip(100-(meanRT-650)/8); score=0.55*accuracy+0.30*RTscore+0.15*consistency,levels 1-10 change alternatives trials stimulus duration and response window; advance >=83 with accuracy >=82 regress <63,language-independent symbols; translated instructions; equivalence not evaluated,Original NeuroBloom implementation inspired by the general paradigm; Hick (1952) [R11],NeuroBloom code MIT; generated stimuli; no proprietary norms distributed,No,backend/tests/test_task_scoring_fixtures_batch4.py,50 accuracy and 730 ms mean RT produce score 69.5,verified
cpt,Continuous Performance Task,attention,baseline monitoring,frontend-svelte/src/routes/baseline/tasks/attention/+page.svelte,/training/gonogo,sustained target detection,rapid letter stream; keyboard response,baseline stream with 1000-ms response handling; training route uses Go/No-Go implementation,"target hit rate, false clicks, mean RT, score",score=100*targets_hit/targets_shown in baseline workflow,baseline: 60 trials; training mode adds 10 trials per level above level 3 (70-130 trials at levels 4-10); Go/No-Go is a separately inventoried training task,English/Bengali letters may differ perceptually; translated instructions; equivalence not evaluated,Original NeuroBloom implementation inspired by the general paradigm; Rosvold et al. (1956) [R12],NeuroBloom code MIT; generated letters; no proprietary CPT forms or norms distributed,No,frontend-svelte/src/lib/task-scoring.test.js,8 hits among 10 targets produces score 80,verified
pasat,Serial Addition Task,attention,training,backend/app/services/pasat_task.py,/training/pasat,serial addition,auditory or visual digits; numeric response,level-defined digit interval response window and trial count,"correct, omissions, RT, score",trial score=100 if current response equals previous+current digit else 0; session score=accuracy percentage,levels 1-10 shorten inter-stimulus interval and change trials and presentation settings,localized digits and instructions; audio-language equivalence not evaluated,Original NeuroBloom implementation inspired by the general paradigm; Gronwall (1977) [R13],NeuroBloom code MIT; generated digit sequences; no proprietary forms norms or equivalence claim,No,backend/tests/test_task_scoring_fixtures_batch1.py,2 of 3 scoreable responses produces score 66.7,verified
stroop,Color-Word Interference,attention,training,backend/app/services/stroop_task.py,/training/stroop,color-word interference,colored word or neutral stimulus; key or button,level-defined congruent/incongruent trials stimulus and response timing,"overall accuracy, interference score, RT, score",score=0.60*overall_accuracy+0.40*normalized_interference,levels 1-10 change color set congruency ratio stimulus duration response window and trials,Bengali color words alter script and perceptual properties; equivalence not evaluated,Original NeuroBloom implementation inspired by the general paradigm; Stroop (1935) [R14],NeuroBloom code MIT; original/generated stimuli; no proprietary forms or norms distributed,No,backend/tests/test_task_scoring_fixtures_batch3.py,100 accuracy and 20 percent interference cost produces score 96,verified
go_nogo,Go/No-Go,attention,training,backend/app/services/go_nogo_task.py,/training/gonogo,response inhibition,go and no-go visual stimuli; keyboard or button,level-defined trials go ratio stimulus and response timing,"go accuracy, no-go accuracy, RT, consistency, score",score=0.50*no_go_accuracy+0.30*normalized_RT+0.20*consistency,levels 1-10 change stimulus similarity no-go frequency duration response window and trials,language-independent symbols where used; translated instructions; equivalence not evaluated,Original NeuroBloom implementation inspired by the general paradigm; Simmonds et al. (2008) [R30]; Diamond (2013) [R31],NeuroBloom code MIT; generated stimuli; no proprietary forms or norms distributed,No,backend/tests/test_task_scoring_fixtures_batch3.py,100 inhibition 50 speed and 100 consistency produce score 85,verified
flanker,Flanker,attention,training,backend/app/services/flanker_task.py,/training/flanker,flanker interference,central and surrounding arrows; keys or buttons,level-defined trials congruency stimulus and response timing,"accuracy, congruent/incongruent RT, conflict control, score",score=0.40*overall_accuracy+0.30*normalized_RT+0.30*conflict_control,levels 1-10 change congruency ratio flankers spacing stimulus duration response window and trials,language-independent arrows; translated instructions; equivalence not evaluated,Original NeuroBloom implementation inspired by the general paradigm; Eriksen and Eriksen (1974) [R15],NeuroBloom code MIT; generated arrows; no proprietary forms or norms distributed,No,backend/tests/test_task_scoring_fixtures_batch3.py,100 accuracy 450 ms mean RT and 100 ms conflict produce score 90.25,verified
sart,Sustained Attention to Response Task,attention,training,backend/app/services/sart_task.py,/training/sart,frequent-go rare-no-go vigilance,digit stream; keyboard response,level-defined stream length target rate stimulus and response timing,"overall accuracy, no-go accuracy, RT, consistency, vigilance penalty, score",score=clip(0.50*overall_accuracy+0.20*no_go_accuracy+0.15*RTscore+0.15*consistency-vigilance_penalty),levels 1-10 change stream length target rate stimulus duration response window; advance >=84 with <=4 commission errors; regress <64,localized digits and instructions; equivalence not evaluated,Original NeuroBloom implementation inspired by the general paradigm; Robertson et al. (1997) [R16],NeuroBloom code MIT; generated digits; no proprietary forms or norms distributed,No,backend/tests/test_task_scoring_fixtures_batch4.py,75 accuracy 50 no-go accuracy and one commission produce score 73,verified
task_switching,Task Switching,flexibility,baseline monitoring,frontend-svelte/src/routes/baseline/tasks/flexibility/+page.svelte,/training/rule-shift,cued rule switching,number/shape stimuli and rule cue; keyboard or buttons,baseline fixed trial sequence; client-side RT,"accuracy, switch cost, perseveration errors, score",score=100*(responses-errors)/responses in baseline workflow,baseline: 40 color/parity trials; training mode adds 10 trials per level above level 4 (up to 100 trials at level 10); Rule Shift is a separately inventoried training task,translated instructions; localized characters where applicable; equivalence not evaluated,Original NeuroBloom implementation inspired by the general paradigm; Rogers and Monsell (1995) [R17],NeuroBloom code MIT; generated stimuli; no proprietary forms or norms distributed,No,frontend-svelte/src/lib/task-scoring.test.js,17 correct among 20 responses produces score 85,verified
trails_b,Alternating Trail Task,flexibility,training,backend/app/services/trail_making_b_task.py,/training/trail-making-b,alternating set shifting,number and letter circles; pointer or touch,level-defined nodes and timing; optional baseline-A time,"completion time, errors, B-minus-A value",primary change output=completion_time_B-completion_time_A when A is available; performance categories use level-specific time and error bands,levels 1-10 change node count layout and expected time,English/Bengali letters and digits may change perceptual difficulty; equivalence not evaluated,Original NeuroBloom implementation inspired by the general paradigm; Reitan (1958) [R8],NeuroBloom code MIT; generated layouts; no proprietary forms or normative tables distributed,No,backend/tests/test_task_scoring_fixtures_batch3.py,50 seconds and one error produce adjusted time 55 and B-A 20,verified
wcst,Card-Sorting Rule Shift,flexibility,training,backend/app/services/wcst_task.py,/training/wcst,feedback-guided card sorting,cards varying color shape and number; pointer or touch,level-defined trials rule duration and feedback,"categories, perseverative errors, accuracy, score","base score is a documented branch table from categories and errors; final score=clip(base_score+2*(difficulty-1),0,100)",levels 1-10 change trials rule-change frequency feedback clarity and category complexity,language-independent card features; translated instructions; equivalence not evaluated,Original NeuroBloom implementation inspired by the general paradigm; Berg (1948) [R18],NeuroBloom code MIT; original/generated cards; no proprietary WCST cards manuals norms or equivalence claim,No,backend/tests/test_task_scoring_fixtures_batch3.py,one correct trial with zero categories at level 1 produces score 10,verified
dccs,Dimensional Card Sort,flexibility,training,backend/app/services/dccs_task.py,/training/dccs,dimensional rule switching,cards varying color and shape; pointer or touch,level-defined phases trials and switch frequency,"accuracy, mean RT, switch cost, score","score=60*accuracy+clip(20*expectedRT/meanRT,0,20)+clip(20-switchCost/50,0,20)",levels 1-10 change dimensions trial count switch frequency feedback and timing,language-independent visual features; translated instructions; equivalence not evaluated,Original NeuroBloom implementation inspired by the general paradigm; Zelazo (2006) [R19],NeuroBloom code MIT; generated cards; no proprietary forms or norms distributed,No,backend/tests/test_task_scoring_fixtures_batch3.py,perfect 1500 ms response produces component score 100,verified
rule_shift,Rule Shift,flexibility,training,backend/app/services/rule_shift_task.py,/training/rule-shift,cued set shifting,rule cue and two-choice stimuli; keyboard or buttons,level-defined trials rule blocks switches and response window,"overall and switch accuracy, RT, perseverative errors, score",RTscore=clip(100-(meanRT-700)/12); score=clip(0.45*overall_accuracy+0.30*switch_accuracy+0.15*RTscore+0.10*consistency-penalty),levels 1-10 change rules switch interval stimuli timing and trials; advance >=83 with switch accuracy >=72 and <=5 perseverative errors; regress <63,translated instructions; localized stimuli where applicable; equivalence not evaluated,Original NeuroBloom implementation inspired by the general paradigm; Rogers and Monsell (1995) [R17],NeuroBloom code MIT; generated rules and stimuli; no proprietary forms distributed,No,backend/tests/test_task_scoring_fixtures_batch4.py,50 accuracy and 200 ms shift cost produce score 50.4,verified
plus_minus,Plus-Minus Switching,flexibility,training,backend/app/services/plus_minus_task.py,/training/plus-minus,alternating arithmetic switching,numbers and + or - rule; numeric keyboard entry,level-defined blocks items and response timing,"accuracy, mean RT, switch cost, score","score=50*accuracy+clip(30*expectedRT/meanRT,0,30)+clip(20-switchCost/25,0,20)",levels 1-10 change operand range operation size mixed-block frequency items and timing,localized digits and instructions; equivalence not evaluated,Original NeuroBloom implementation inspired by the general paradigm; Jersild (1927) [R20],NeuroBloom code MIT; generated arithmetic items; no proprietary forms distributed,No,backend/tests/test_task_scoring_fixtures_batch3.py,perfect 2000 ms responses with zero switch cost produce score 100,verified
tower_of_london,Tower Planning,planning,baseline monitoring and training,backend/app/services/tol_task.py,/training/tower-of-london,tower planning,colored disks and pegs; pointer or touch,baseline puzzle plus level-defined training problems and timing,"problems solved, moves, planning efficiency, time, score","score=clip(40*completion_rate+40*planning_efficiency+speed_bonus+10*perfect_rate,0,100)",levels 1-10 change problem count disks minimum moves planning time and limits,language-independent pieces; translated instructions; equivalence not evaluated,Original NeuroBloom implementation inspired by the general paradigm; Shallice (1982) [R21],NeuroBloom code MIT; original/generated states; no proprietary forms manuals or norms distributed,No,backend/tests/test_task_scoring_fixtures_batch3.py,completion 40 efficiency 20 and speed 20 produce score 80,verified
stockings_cambridge,Stockings-Style Planning,planning,training,backend/app/services/soc_task.py,/training/stockings-of-cambridge,tower-style planning,colored balls and containers; pointer or touch,level-defined problems moves and timing,"problems solved, planning efficiency, mean time, score","score=clip(40*completion_rate+40*planning_efficiency+speed_bonus+10*perfect_rate,0,100)",levels 1-10 change problems balls minimum moves planning time and limits,language-independent pieces; translated instructions; equivalence not evaluated,Original NeuroBloom implementation inspired by the general paradigm; Owen et al. (1990) [R22],NeuroBloom code MIT; original/generated states; no CANTAB software stimuli manuals norms or equivalence claim,No,backend/tests/test_task_scoring_fixtures_batch3.py,perfect component total 110 is capped at score 100,verified
verbal_fluency,Letter Fluency,planning,training,backend/app/services/verbal_fluency_task.py,/training/verbal-fluency,phonemic fluency,letter prompt and typed words; keyboard,typically 60 seconds per prompt; level-defined letters count and time,"valid unique words, errors, mean words, score",piecewise score from mean valid words per letter: >=15 gives 100; 10-15 maps 70-100; 5-10 maps 40-70; below 5 maps 0-40,levels 1-10 change letter sets prompt count duration exclusions and language pool,Bengali requires language-specific letters lexicon and rules; equivalence not evaluated,Original NeuroBloom implementation inspired by the general paradigm; Benton (1968) [R23],NeuroBloom code MIT; original prompts; no COWAT forms norms or equivalence claim,No,backend/tests/test_task_scoring_fixtures_batch3.py,five valid words for one letter produces score 40,verified
category_fluency,Category Fluency,planning,training,backend/app/services/category_fluency_task.py,/training/category-fluency,semantic fluency,category prompt and typed words; keyboard,typically 60 seconds; level selects category pool and expectation,"unique valid words, duplicates, score","score=min(100,100*unique_count/(excellent_benchmark+2*difficulty))",levels 1-10 select category pools and performance expectations; advancement based on unique count thresholds,Bengali requires translated categories and language-specific validation; equivalence not evaluated,Original NeuroBloom implementation inspired by the general paradigm; Benton (1968) [R23],NeuroBloom code MIT; original category pools; no proprietary forms or norms distributed,No,backend/tests/test_task_scoring_fixtures_batch4.py,3 unique words at level 5 produce normalized score 10,verified
twenty_questions,Twenty Questions,planning,training,backend/app/services/twenty_questions_task.py,/training/twenty-questions,constraint-seeking problem solving,hidden generated object and yes/no questions; keyboard/buttons,maximum 20 questions; level selects object pool,"identification, questions used, strategy score, normalized score","raw score branch=100 <=7 questions 85 <=12 70 <=17 55 <=20 else 0; score=min(100,raw*(1+0.05*(difficulty-1)))",levels 1-10 rotate five object pools and increase scoring multiplier; difficulty adjustment uses success and question count,translated object/category pools; cultural and language equivalence not evaluated,Original NeuroBloom implementation inspired by the general paradigm; Mosher and Hornsby (1966) [R24],NeuroBloom code MIT; original object pools; no proprietary forms distributed,No,backend/tests/test_task_scoring_fixtures_batch4.py,9 questions at level 3 produce raw 85 and score 93.5,verified
visual_search,Visual Search,visual_scanning,baseline monitoring and training,backend/app/services/visual_search_task.py,/training/visual-search,visual target search,target among generated distractors; pointer or touch,baseline fixed grid; training trial count grid and timing depend on level,"targets found, accuracy, time per target, score","baseline score=100*foundTargets/totalTargets; training trial score=clip(accuracy+speed_bonus,0,1)",levels 1-10 change item count distractor similarity target count grid and expected time,script-dependent symbols may be remapped; equivalence not evaluated,Original NeuroBloom implementation inspired by the general paradigm; Treisman and Gelade (1980) [R25],NeuroBloom code MIT; generated stimuli; no proprietary forms or norms distributed,No,backend/tests/test_task_scoring_fixtures_batch4.py,correct rejection in 5 seconds is capped at score 1.0 and a false alarm scores 0,verified
cancellation_test,Cancellation Task,visual_scanning,training,backend/app/services/cancellation_test_task.py,/training/cancellation-test,visual cancellation,letter or symbol grid; pointer or touch,level-defined grid targets and suggested time,"hits, omissions, commissions, time, score",raw score branch=100/85/70/55/30 from accuracy bands then documented time and error adjustments,levels 1-10 change grid size target count similarity symbols and suggested time,Bengali letter grids may change perceptual difficulty; symbol mode is language-independent; equivalence not evaluated,Original NeuroBloom implementation inspired by the general paradigm; Weintraub and Mesulam (1985) [R26],NeuroBloom code MIT; generated grids; no proprietary forms or norms distributed,No,backend/tests/test_task_scoring_fixtures_batch4.py,3 of 4 targets found gives accuracy 75 and score 70,verified
feature_conjunction,Feature and Conjunction Search,visual_scanning,training,backend/app/services/visual_search_task.py,/training/feature-conjunction,feature-integration visual search,colored shapes; pointer or touch,frontend-defined feature and conjunction blocks with client-side timing,"accuracy, search time, set-size slope",backend VisualSearchTask score=1 for a correct response and 0 otherwise; correct-response speed bonus is capped at 1,levels 1-10 change set size distractor similarity conjunction load and timing in frontend configuration,language-independent shapes; translated instructions; equivalence not evaluated,Original NeuroBloom implementation inspired by the general paradigm; Treisman and Gelade (1980) [R25],NeuroBloom code MIT; generated shapes; no proprietary forms or norms distributed,No,backend/tests/test_task_scoring_fixtures_batch3.py,correct 5-second response among 20 items produces score 1.0,verified
landmark_task,Landmark Line Judgment,visual_scanning,training,backend/app/services/landmark_task.py,/training/landmark-task,line-bisection judgment,bisected line; left/equal/right keyboard or buttons,level-defined trials offset sizes exposure and response timing,"accuracy, omissions, spatial bias, RT, score",RTscore=clip(100-(meanRT-850)/14); score=clip(weighted accuracy/bias/RT/consistency terms in LandmarkTask.calculate_metrics),levels 1-10 change line offset distribution exposure response window and trials; advance >=84 with abs bias <=8 and <=1 omission; regress <64,language-independent line; translated instructions; equivalence not evaluated,Original NeuroBloom implementation inspired by the general paradigm; Jewell and McCourt (2000) [R27],NeuroBloom code MIT; generated lines; no proprietary forms or norms distributed,No,backend/tests/test_task_scoring_fixtures_batch4.py,60 accuracy and spatial bias 20 produce score 64,verified
multiple_object_tracking,Multiple Object Tracking,visual_scanning,training,backend/app/services/multiple_object_tracking_task.py,/training/multiple-object-tracking,dynamic object tracking,moving identical objects; pointer or touch selection,level-defined objects targets speed duration and trials,"accuracy, precision, recall, F1, score",score=0.70*accuracy+0.30*precision,levels 1-10 change object count targets speed motion duration and trial count,language-independent objects; translated instructions; equivalence not evaluated,Original NeuroBloom implementation inspired by the general paradigm; Pylyshyn and Storm (1988) [R28],NeuroBloom code MIT; generated motion; no proprietary forms or norms distributed,No,backend/tests/test_task_scoring_fixtures_batch4.py,all targets plus one extra give recall 1 precision 0.75 and score 0.925,verified
useful_field_of_view,Central-Peripheral Attention,visual_scanning,training,backend/app/services/useful_field_of_view_task.py,/training/useful-field-of-view,divided central/peripheral attention,central discrimination and peripheral target; keyboard/buttons,level-defined brief presentation and trial count,"central accuracy, peripheral localization, RT, score",trial score=100 both correct 50 exactly one correct or 0 neither correct; session outputs aggregate trials,levels 1-3 central only and levels 4-6 add a peripheral target and levels 7-10 add 24-47 distractors; presentation time falls from 800 ms at level 1 to 150 ms at level 10,language-independent symbols where used; translated instructions; equivalence not evaluated,Original NeuroBloom implementation inspired by the general paradigm; Ball et al. (1993) [R29],NeuroBloom code MIT; generated stimuli; no commercial UFOV materials software norms or equivalence claim,No,backend/tests/test_task_scoring_fixtures_batch2.py,both correct produces 100 and central-only produces 50,verified
